id,nom,prénom,pseudo,solde,type,email,date_naissance,adresse,ville,pays,haut_faits,coord_bancaire
1,Kellia,Aspling,kaspling0,34457.831,false,kaspling0@abc.net.au,7/4/1978,3 Oriole Drive,Għaxaq,Malta,Mrs,GB70 NVRA 6722 0727 0991 21
2,Lynnea,Christophe,lchristophe1,9180.234,false,lchristophe1@diigo.com,8/20/1946,39290 Katie Junction,Kambaxoi,China,Mr,BR38 4147 9608 0871 0762 6683 302Y C
3,Kalinda,Dowey,kdowey2,20263.607,false,kdowey2@google.pl,5/19/2019,67 Ohio Road,Sungsang,Indonesia,Dr,KZ09 633C C3XC AXLT PU1L
4,Tris,Rainsbury,trainsbury3,41872.836,false,trainsbury3@hostgator.com,4/28/1960,697 Pankratz Street,Sapphaya,Thailand,Rev,ES42 4279 6464 1171 8620 1532
5,Maren,Chattelaine,mchattelaine4,3542.066,false,mchattelaine4@arizona.edu,11/4/1967,00 Bunker Hill Plaza,Zhanggongmiao,China,Mrs,FR92 4742 6652 58FQ YWVI XZGO N33
6,Diana,Ablewhite,dablewhite5,36018.054,true,dablewhite5@is.gd,2/28/1989,9266 Katie Junction,Voronkov,Ukraine,Honorable,VG39 ICTJ 2031 2496 6480 6830
7,Lana,Senior,lsenior6,73624.821,true,lsenior6@tuttocitta.it,2/3/1980,715 Burning Wood Crossing,Perushtitsa,Bulgaria,Dr,IE15 IHMB 6296 1535 7482 20
8,Juliane,Humbatch,jhumbatch7,6175.26,true,jhumbatch7@arstechnica.com,7/25/2019,87 Summerview Circle,Cové,Benin,Rev,DK12 0863 5937 3887 37
9,Paolina,Munsey,pmunsey8,50821.533,true,pmunsey8@so-net.ne.jp,6/15/1978,8145 Dakota Parkway,Azara,Argentina,Mr,NL37 QZGV 4661 0855 71
10,Courtney,Wharlton,cwharlton9,18286.51,false,cwharlton9@trellian.com,8/13/2019,85 Scott Hill,Sasayama,Japan,Mrs,TN72 8830 5517 6826 1269 7183
